{"cameraMode":{"drawMode":0,"name":"Shaded","section":"Shading Mode"},"sceneLighting":false,"audioPlay":false,"sceneViewState":{"showFog":true,"showMaterialUpdate":false,"showSkybox":true,"showFlares":true,"showImageEffects":true,"showParticleSystems":true},"in2DMode":false,"pivot":{"x":0.4423828125,"y":1.2158203125,"z":0.09415626525878906},"rotation":{"x":-0.11041126400232315,"y":-0.6992610692977905,"z":0.11056943982839585,"w":-0.6975798606872559},"size":6.978752136230469,"orthographic":true}