{"cameraMode":{"drawMode":0,"name":"Shaded","section":"Shading Mode"},"sceneLighting":false,"audioPlay":false,"sceneViewState":{"showFog":true,"showMaterialUpdate":false,"showSkybox":true,"showFlares":true,"showImageEffects":true,"showParticleSystems":true},"in2DMode":false,"pivot":{"x":-0.7314453125,"y":1.186920166015625,"z":0.88623046875},"rotation":{"x":-0.09582685679197312,"y":0.7926266193389893,"z":-0.12900026142597199,"w":-0.5881490111351013},"size":5.727534294128418,"orthographic":true}