{"cameraMode":{"drawMode":0,"name":"Shaded","section":"Shading Mode"},"sceneLighting":false,"audioPlay":false,"sceneViewState":{"showFog":true,"showMaterialUpdate":false,"showSkybox":true,"showFlares":true,"showImageEffects":true,"showParticleSystems":true},"in2DMode":false,"pivot":{"x":-1.70703125,"y":2.40869140625,"z":0.662261962890625},"rotation":{"x":0.06304606050252915,"y":-0.8919715881347656,"z":0.1315477192401886,"w":0.4279101490974426},"size":4.841177940368652,"orthographic":true}