{"cameraMode":{"drawMode":0,"name":"Shaded","section":"Shading Mode"},"sceneLighting":false,"audioPlay":false,"sceneViewState":{"showFog":true,"showMaterialUpdate":false,"showSkybox":true,"showFlares":true,"showImageEffects":true,"showParticleSystems":true},"in2DMode":false,"pivot":{"x":0.3669586181640625,"y":1.728515625,"z":0.9256591796875},"rotation":{"x":-0.8458595871925354,"y":-0.0862404927611351,"z":0.14393331110477448,"w":-0.5063273906707764},"size":6.978752136230469,"orthographic":true}