{"cameraMode":{"drawMode":0,"name":"Shaded","section":"Shading Mode"},"sceneLighting":false,"audioPlay":false,"sceneViewState":{"showFog":true,"showMaterialUpdate":false,"showSkybox":true,"showFlares":true,"showImageEffects":true,"showParticleSystems":true},"in2DMode":false,"pivot":{"x":-4.980720043182373,"y":-3.738969087600708,"z":18.188812255859376},"rotation":{"x":-0.12348401546478272,"y":0.047375231981277469,"z":-0.005658321548253298,"w":-0.9911989569664002},"size":21.790023803710939,"orthographic":false}