{"cameraMode":{"drawMode":0,"name":"Shaded","section":"Shading Mode"},"sceneLighting":false,"audioPlay":false,"sceneViewState":{"showFog":true,"showMaterialUpdate":false,"showSkybox":true,"showFlares":true,"showImageEffects":true,"showParticleSystems":true},"in2DMode":false,"pivot":{"x":164.11114501953126,"y":14.292503356933594,"z":-48.15583801269531},"rotation":{"x":0.4036652743816376,"y":-0.44055840373039248,"z":0.23131848871707917,"w":0.767759382724762},"size":104.56647491455078,"orthographic":false}