{"cameraMode":{"drawMode":0,"name":"Shaded","section":"Shading Mode"},"sceneLighting":false,"audioPlay":false,"sceneViewState":{"showFog":true,"showMaterialUpdate":false,"showSkybox":true,"showFlares":true,"showImageEffects":true,"showParticleSystems":true},"in2DMode":false,"pivot":{"x":-1.232421875,"y":0.93017578125,"z":-2.3267822265625},"rotation":{"x":-0.07027090340852738,"y":-0.7249575853347778,"z":0.07491753250360489,"w":-0.6810917258262634},"size":6.231751441955566,"orthographic":true}