{"cameraMode":{"drawMode":0,"name":"Shaded","section":"Shading Mode"},"sceneLighting":false,"audioPlay":false,"sceneViewState":{"showFog":true,"showMaterialUpdate":false,"showSkybox":true,"showFlares":true,"showImageEffects":true,"showParticleSystems":true},"in2DMode":false,"pivot":{"x":23.68674087524414,"y":-20.730443954467775,"z":-3.742191791534424},"rotation":{"x":0.23073065280914308,"y":0.7115579843521118,"z":-0.27100637555122378,"w":0.6058086156845093},"size":38.688507080078128,"orthographic":false}