{"cameraMode":{"drawMode":0,"name":"Shaded","section":"Shading Mode"},"sceneLighting":false,"audioPlay":false,"sceneViewState":{"showFog":true,"showMaterialUpdate":false,"showSkybox":true,"showFlares":true,"showImageEffects":true,"showParticleSystems":true},"in2DMode":false,"pivot":{"x":-0.008685290813446045,"y":1.520503282546997,"z":0.006340980529785156},"rotation":{"x":0.4224168658256531,"y":0.45084646344184878,"z":-0.2565440237522125,"w":0.7432944178581238},"size":11.431538581848145,"orthographic":false}