{"cameraMode":{"drawMode":0,"name":"Shaded","section":"Shading Mode"},"sceneLighting":false,"audioPlay":false,"sceneViewState":{"showFog":true,"showMaterialUpdate":false,"showSkybox":true,"showFlares":true,"showImageEffects":true,"showParticleSystems":true},"in2DMode":false,"pivot":{"x":0.0,"y":2.418941020965576,"z":-3.5762786865234377e-7},"rotation":{"x":0.3098377287387848,"y":-0.14650198817253114,"z":0.048124201595783237,"w":0.9382014274597168},"size":22.86307144165039,"orthographic":false}