{"cameraMode":{"drawMode":0,"name":"Shaded","section":"Shading Mode"},"sceneLighting":false,"audioPlay":false,"sceneViewState":{"showFog":true,"showMaterialUpdate":false,"showSkybox":true,"showFlares":true,"showImageEffects":true,"showParticleSystems":true},"in2DMode":false,"pivot":{"x":-5.354646682739258,"y":-5.890779495239258,"z":4.011052131652832},"rotation":{"x":-0.3382183909416199,"y":0.41464248299598696,"z":-0.16934263706207276,"w":-0.8276491165161133},"size":12.660431861877442,"orthographic":false}