{"cameraMode":{"drawMode":0,"name":"Shaded","section":"Shading Mode"},"sceneLighting":false,"audioPlay":false,"sceneViewState":{"showFog":true,"showMaterialUpdate":false,"showSkybox":true,"showFlares":true,"showImageEffects":true,"showParticleSystems":true},"in2DMode":false,"pivot":{"x":28.306833267211915,"y":-10.913581848144532,"z":2.2661285400390627},"rotation":{"x":0.13794346153736115,"y":0.6868869662284851,"z":-0.13523900508880616,"w":0.7006200551986694},"size":38.688507080078128,"orthographic":false}