{"cameraMode":{"drawMode":0,"name":"Shaded","section":"Shading Mode"},"sceneLighting":false,"audioPlay":false,"sceneViewState":{"showFog":true,"showMaterialUpdate":false,"showSkybox":true,"showFlares":true,"showImageEffects":true,"showParticleSystems":true},"in2DMode":false,"pivot":{"x":-1.080077886581421,"y":0.00027704209787771106,"z":-0.10941922664642334},"rotation":{"x":0.07167535275220871,"y":0.655022382736206,"z":-0.06273458153009415,"w":0.7495816946029663},"size":6.496252536773682,"orthographic":true}