{"cameraMode":{"drawMode":0,"name":"Shaded","section":"Shading Mode"},"sceneLighting":false,"audioPlay":false,"sceneViewState":{"showFog":true,"showMaterialUpdate":false,"showSkybox":true,"showFlares":true,"showImageEffects":true,"showParticleSystems":true},"in2DMode":false,"pivot":{"x":1.7929306030273438,"y":0.674738883972168,"z":-3.6023406982421877},"rotation":{"x":0.058949992060661319,"y":-0.890642523765564,"z":0.434530109167099,"w":0.1202680766582489},"size":8.38028335571289,"orthographic":false}