{"cameraMode":{"drawMode":0,"name":"Shaded","section":"Shading Mode"},"sceneLighting":false,"audioPlay":false,"sceneViewState":{"showFog":true,"showMaterialUpdate":false,"showSkybox":true,"showFlares":true,"showImageEffects":true,"showParticleSystems":true},"in2DMode":false,"pivot":{"x":0.0,"y":0.7512171268463135,"z":-1.1920928955078126e-7},"rotation":{"x":0.01181468740105629,"y":-0.9780799150466919,"z":0.05817672610282898,"w":0.19958873093128205},"size":7.386305809020996,"orthographic":true}