{"cameraMode":{"drawMode":0,"name":"Shaded","section":"Shading Mode"},"sceneLighting":false,"audioPlay":false,"sceneViewState":{"showFog":true,"showMaterialUpdate":false,"showSkybox":true,"showFlares":true,"showImageEffects":true,"showParticleSystems":true},"in2DMode":false,"pivot":{"x":-3.9595351219177248,"y":-0.07711529731750488,"z":-1.1130956411361695},"rotation":{"x":0.1921282708644867,"y":-0.6749555468559265,"z":0.18839415907859803,"w":0.6870439648628235},"size":7.674077033996582,"orthographic":false}