{"cameraMode":{"drawMode":0,"name":"Shaded","section":"Shading Mode"},"sceneLighting":false,"audioPlay":false,"sceneViewState":{"showFog":true,"showMaterialUpdate":false,"showSkybox":true,"showFlares":true,"showImageEffects":true,"showParticleSystems":true},"in2DMode":false,"pivot":{"x":2.1376953125,"y":0.8408203125,"z":-0.6514892578125},"rotation":{"x":-0.19192758202552796,"y":0.7085971832275391,"z":-0.21054644882678986,"w":-0.6455416679382324},"size":5.727534294128418,"orthographic":true}