{"cameraMode":{"drawMode":0,"name":"Shaded","section":"Shading Mode"},"sceneLighting":false,"audioPlay":false,"sceneViewState":{"showFog":true,"showMaterialUpdate":false,"showSkybox":true,"showFlares":true,"showImageEffects":true,"showParticleSystems":true},"in2DMode":false,"pivot":{"x":2.0384631156921388,"y":-0.12773817777633668,"z":0.5592846274375916},"rotation":{"x":-0.08951526135206223,"y":-0.6551318764686585,"z":0.07860344648361206,"w":-0.7460635304450989},"size":3.5438551902770998,"orthographic":false}