{"cameraMode":{"drawMode":0,"name":"Shaded","section":"Shading Mode"},"sceneLighting":false,"audioPlay":false,"sceneViewState":{"showFog":true,"showMaterialUpdate":false,"showSkybox":true,"showFlares":true,"showImageEffects":true,"showParticleSystems":true},"in2DMode":false,"pivot":{"x":0.08393073081970215,"y":-2.2419979572296144,"z":0.848064661026001},"rotation":{"x":-0.17533458769321443,"y":-0.8236736059188843,"z":0.3614882528781891,"w":-0.40018230676651},"size":7.299752712249756,"orthographic":false}