{"cameraMode":{"drawMode":0,"name":"Shaded","section":"Shading Mode"},"sceneLighting":false,"audioPlay":false,"sceneViewState":{"showFog":true,"showMaterialUpdate":false,"showSkybox":true,"showFlares":true,"showImageEffects":true,"showParticleSystems":true},"in2DMode":false,"pivot":{"x":0.5895087718963623,"y":2.8706345558166506,"z":-1.0148005485534669},"rotation":{"x":-0.5440194606781006,"y":0.3747473955154419,"z":-0.2953827679157257,"w":-0.6901856660842896},"size":1.7392644882202149,"orthographic":false}