{"cameraMode":{"drawMode":0,"name":"Shaded","section":"Shading Mode"},"sceneLighting":false,"audioPlay":false,"sceneViewState":{"showFog":true,"showMaterialUpdate":false,"showSkybox":true,"showFlares":true,"showImageEffects":true,"showParticleSystems":true},"in2DMode":false,"pivot":{"x":-0.22839415073394776,"y":-1.5740580558776856,"z":-1.0064280033111573},"rotation":{"x":0.06688367575407028,"y":0.9148570895195007,"z":-0.3601303696632385,"w":0.16990971565246583},"size":5.639265060424805,"orthographic":false}