{"cameraMode":{"drawMode":0,"name":"Shaded","section":"Shading Mode"},"sceneLighting":true,"audioPlay":false,"sceneViewState":{"showFog":true,"showMaterialUpdate":false,"showSkybox":true,"showFlares":true,"showImageEffects":true,"showParticleSystems":true},"in2DMode":false,"pivot":{"x":80.43829345703125,"y":15.574419975280762,"z":-46.058536529541019},"rotation":{"x":-0.2867993414402008,"y":-0.35544654726982119,"z":0.11566302180290222,"w":-0.8820578455924988},"size":43.57415008544922,"orthographic":true}