{"cameraMode":{"drawMode":0,"name":"Shaded","section":"Shading Mode"},"sceneLighting":false,"audioPlay":false,"sceneViewState":{"showFog":true,"showMaterialUpdate":false,"showSkybox":true,"showFlares":true,"showImageEffects":true,"showParticleSystems":true},"in2DMode":false,"pivot":{"x":17.229248046875,"y":-8.00881576538086,"z":6.664956569671631},"rotation":{"x":0.21819406747817994,"y":0.5056789517402649,"z":-0.13392621278762818,"w":0.8238592147827148},"size":27.205183029174806,"orthographic":false}