{"cameraMode":{"drawMode":0,"name":"Shaded","section":"Shading Mode"},"sceneLighting":false,"audioPlay":false,"sceneViewState":{"showFog":true,"showMaterialUpdate":false,"showSkybox":true,"showFlares":true,"showImageEffects":true,"showParticleSystems":true},"in2DMode":false,"pivot":{"x":0.5836127400398254,"y":3.109665870666504,"z":0.9841211438179016},"rotation":{"x":-0.08198162168264389,"y":0.8583658933639526,"z":-0.48523789644241335,"w":-0.14502178132534028},"size":2.6392643451690676,"orthographic":false}