{"cameraMode":{"drawMode":0,"name":"Shaded","section":"Shading Mode"},"sceneLighting":false,"audioPlay":false,"sceneViewState":{"showFog":true,"showMaterialUpdate":false,"showSkybox":true,"showFlares":true,"showImageEffects":true,"showParticleSystems":true},"in2DMode":false,"pivot":{"x":0.7778631448745728,"y":2.3796184062957765,"z":2.5939788818359377},"rotation":{"x":0.12358007580041886,"y":0.8645489811897278,"z":-0.2589587867259979,"w":0.4125813841819763},"size":4.139264106750488,"orthographic":false}