{"cameraMode":{"drawMode":0,"name":"Shaded","section":"Shading Mode"},"sceneLighting":false,"audioPlay":false,"sceneViewState":{"showFog":true,"showMaterialUpdate":false,"showSkybox":true,"showFlares":true,"showImageEffects":true,"showParticleSystems":true},"in2DMode":false,"pivot":{"x":4.766448974609375,"y":0.13967347145080567,"z":-1.1010957956314088},"rotation":{"x":-0.14279010891914369,"y":-0.7945529222488403,"z":0.2055170238018036,"w":-0.5532264709472656},"size":8.00317096710205,"orthographic":false}