{"cameraMode":{"drawMode":0,"name":"Shaded","section":"Shading Mode"},"sceneLighting":false,"audioPlay":false,"sceneViewState":{"showFog":true,"showMaterialUpdate":false,"showSkybox":true,"showFlares":true,"showImageEffects":true,"showParticleSystems":true},"in2DMode":false,"pivot":{"x":2.5530810356140138,"y":-7.952753067016602,"z":-32.6392936706543},"rotation":{"x":0.008977001532912255,"y":0.9889047741889954,"z":-0.13220582902431489,"w":0.06714567542076111},"size":38.688507080078128,"orthographic":false}