{"cameraMode":{"drawMode":0,"name":"Shaded","section":"Shading Mode"},"sceneLighting":false,"audioPlay":false,"sceneViewState":{"showFog":true,"showMaterialUpdate":false,"showSkybox":true,"showFlares":true,"showImageEffects":true,"showParticleSystems":true},"in2DMode":false,"pivot":{"x":-0.078857421875,"y":1.5819091796875,"z":-0.13818359375},"rotation":{"x":-0.08981457352638245,"y":-0.8821769952774048,"z":0.18746626377105714,"w":-0.42255595326423647},"size":3.5757644176483156,"orthographic":true}